{"26240403_258583520": 1.84290300951501, "26240403_258451919": 20.313696571058767, "26240403_258451756": 19.828971187800754, "26240403_258451734": 20.716428086588536, "26240403_258449462": 18.16308837952766, "26240403_258416467": 16.831649426312804, "26240403_26377255": 13.565672392396294, "26240403_26240595": 3.7515644254841445, "26240403_26241057": 3.395888948776258, "26240403_26241064": 2.754763111094523, "26240403_26241452": 3.887053459791432, "258583520_26240403": 2.261649159244758, "258583520_258451919": 20.04250135520229, "258583520_258451756": 19.557775971944274, "258583520_258451734": 20.44523287073206, "258583520_258449462": 16.619796200391097, "258583520_258416467": 15.288357247176254, "258583520_26377255": 13.294477176539816, "258583520_26240595": 2.6106977236968087, "258583520_26241057": 1.8857125520616123, "258583520_26241064": 1.1037440408812706, "258583520_26241452": 2.376877063076787, "258451919_26240403": 21.82123547342152, "258451919_258583520": 22.287072488919065, "258451919_258451756": 4.990964267705748, "258451919_258451734": 3.12065306359501, "258451919_258449462": 32.44083613328027, "258451919_258416467": 31.442508992629353, "258451919_26377255": 9.24849924883385, "258451919_26240595": 23.800177953976412, "258451919_26241057": 21.60140527452492, "258451919_26241064": 21.88827122230454, "258451919_26241452": 21.78133398047645, "258451756_26240403": 19.289190008691612, "258451756_258583520": 19.755027024189157, "258451756_258451919": 5.043654043497643, "258451756_258451734": 1.8703112041107395, "258451756_258449462": 31.689370705062565, "258451756_258416467": 30.69104356441164, "258451756_26377255": 7.25671398652397, "258451756_26240595": 21.268132489246504, "258451756_26241057": 19.069359809795014, "258451756_26241064": 19.35622575757463, "258451756_26241452": 19.35472691965553, "258451734_26240403": 20.211097615505995, "258451734_258583520": 20.67693463100354, "258451734_258451919": 4.40531892019987, "258451734_258451756": 1.8703112041107395, "258451734_258449462": 32.21551815758236, "258451734_258416467": 31.217191016931434, "258451734_26377255": 7.638361390918332, "258451734_26240595": 22.190040096060887, "258451734_26241057": 19.991267416609396, "258451734_26241064": 20.278133364389014, "258451734_26241452": 20.276634526469916, "258449462_26240403": 17.933310944193902, "258449462_258583520": 15.956215321463487, "258449462_258451919": 31.03841188011989, "258449462_258451756": 30.81951365138589, "258449462_258451734": 31.39661213447836, "258449462_258416467": 1.9855937293797623, "258449462_26377255": 24.92842823893093, "258449462_26240595": 14.628095118450691, "258449462_26241057": 15.27791084345739, "258449462_26241064": 15.577533207294067, "258449462_26241452": 14.943889206997111, "258416467_26240403": 17.333410588991562, "258416467_258583520": 15.356314966261154, "258416467_258451919": 30.977354282061633, "258416467_258451756": 30.75845605332763, "258416467_258451734": 31.3355545364201, "258416467_258449462": 1.7225207234408952, "258416467_26377255": 24.867370640872668, "258416467_26240595": 13.542442278676528, "258416467_26241057": 14.832384586426125, "258416467_26241064": 14.977632852091734, "258416467_26241452": 14.498362949965847, "26377255_26240403": 14.906677006858342, "26377255_258583520": 15.37251402235592, "26377255_258451919": 6.748024178662469, "26377255_258451756": 6.936951713744458, "26377255_258451734": 7.150755694192239, "26377255_258449462": 27.700935498069658, "26377255_258416467": 26.702608357418736, "26377255_26240595": 16.885619487413223, "26377255_26241057": 14.686846807961755, "26377255_26241064": 14.973712755741367, "26377255_26241452": 14.972213917822264, "26240595_26240403": 3.8816736873657494, "26240595_258583520": 2.5583867371820905, "26240595_258451919": 21.799729955104684, "26240595_258451756": 21.315004571846686, "26240595_258451734": 22.202461470634454, "26240595_258449462": 15.107576443215661, "26240595_258416467": 13.578318888961114, "26240595_26377255": 15.05170577644222, "26240595_26241057": 2.8485051543089535, "26240595_26241064": 2.23445916834734, "26240595_26241452": 3.278203248837464, "26241057_26240403": 2.9946135108243306, "26241057_258583520": 1.6865363708804377, "26241057_258451919": 18.951224800795746, "26241057_258451756": 18.466499417537722, "26241057_258451734": 19.353956316325515, "26241057_258449462": 16.118930214811467, "26241057_258416467": 15.186360914769494, "26241057_26377255": 12.203200622133268, "26241057_26240595": 2.854378967937669, "26241057_26241064": 1.0581565402440176, "26241057_26241452": 1.5736511942974176, "26241064_26240403": 2.789481190518505, "26241064_258583520": 0.9243024654203725, "26241064_258451919": 20.010122260815777, "26241064_258451756": 19.52539687755776, "26241064_258451734": 20.412853776345546, "26241064_258449462": 16.30620156155477, "26241064_258416467": 14.974762608339919, "26241064_26377255": 13.262098082153303, "26241064_26240595": 2.426319071692549, "26241064_26241057": 1.3253142284042176, "26241064_26241452": 1.8247633394316605, "26241452_26240403": 3.3286351472846105, "26241452_258583520": 2.020558007340718, "26241452_258451919": 19.285246437256024, "26241452_258451756": 18.800521053998, "26241452_258451734": 19.687977952785793, "26241452_258449462": 16.452951851271745, "26241452_258416467": 15.520382551229776, "26241452_26377255": 12.537222258593546, "26241452_26240595": 3.1884006043979496, "26241452_26241057": 0.33402163646027977, "26241452_26241064": 1.3921781767042978}